{
  "metadata": {
    "name": "GF-LA06",
    "source_benchmark": "LA06",
    "source_type": "JSP",
    "source_reference": "Lawrence (1984)",
    "num_jobs": 15,
    "num_machines": 5,
    "total_operations": 75,
    "fuzziness_delta": 0.2,
    "bks_makespan": 926,
    "avg_flexibility": 1.0
  },
  "parameters": {
    "cost": {
      "c_time": 100.0,
      "c_energy": 0.08,
      "c_startup": 200.0,
      "c_changeover_min": 50.0,
      "c_changeover_max": 500.0,
      "c_pm_direct": 400.0,
      "c_pm_delay": 20.0
    }
  },
  "validation": {
    "is_valid": true,
    "total_tfns": 75,
    "valid_tfns": 75
  },
  "jobs": [
    [
      {
        "job_id": 0,
        "op_id": 0,
        "eligible_machines": [
          1
        ],
        "processing_times": {
          "1": {
            "L": 16,
            "M": 21,
            "U": 26,
            "GMIR": 21.0
          }
        }
      },
      {
        "job_id": 0,
        "op_id": 1,
        "eligible_machines": [
          2
        ],
        "processing_times": {
          "2": {
            "L": 27,
            "M": 34,
            "U": 41,
            "GMIR": 34.0
          }
        }
      },
      {
        "job_id": 0,
        "op_id": 2,
        "eligible_machines": [
          4
        ],
        "processing_times": {
          "4": {
            "L": 76,
            "M": 95,
            "U": 114,
            "GMIR": 95.0
          }
        }
      },
      {
        "job_id": 0,
        "op_id": 3,
        "eligible_machines": [
          0
        ],
        "processing_times": {
          "0": {
            "L": 42,
            "M": 53,
            "U": 64,
            "GMIR": 53.0
          }
        }
      },
      {
        "job_id": 0,
        "op_id": 4,
        "eligible_machines": [
          3
        ],
        "processing_times": {
          "3": {
            "L": 44,
            "M": 55,
            "U": 66,
            "GMIR": 55.0
          }
        }
      }
    ],
    [
      {
        "job_id": 1,
        "op_id": 0,
        "eligible_machines": [
          3
        ],
        "processing_times": {
          "3": {
            "L": 41,
            "M": 52,
            "U": 63,
            "GMIR": 52.0
          }
        }
      },
      {
        "job_id": 1,
        "op_id": 1,
        "eligible_machines": [
          4
        ],
        "processing_times": {
          "4": {
            "L": 12,
            "M": 16,
            "U": 20,
            "GMIR": 16.0
          }
        }
      },
      {
        "job_id": 1,
        "op_id": 2,
        "eligible_machines": [
          1
        ],
        "processing_times": {
          "1": {
            "L": 56,
            "M": 71,
            "U": 86,
            "GMIR": 71.0
          }
        }
      },
      {
        "job_id": 1,
        "op_id": 3,
        "eligible_machines": [
          2
        ],
        "processing_times": {
          "2": {
            "L": 20,
            "M": 26,
            "U": 32,
            "GMIR": 26.0
          }
        }
      },
      {
        "job_id": 1,
        "op_id": 4,
        "eligible_machines": [
          0
        ],
        "processing_times": {
          "0": {
            "L": 16,
            "M": 21,
            "U": 26,
            "GMIR": 21.0
          }
        }
      }
    ],
    [
      {
        "job_id": 2,
        "op_id": 0,
        "eligible_machines": [
          0
        ],
        "processing_times": {
          "0": {
            "L": 9,
            "M": 12,
            "U": 15,
            "GMIR": 12.0
          }
        }
      },
      {
        "job_id": 2,
        "op_id": 1,
        "eligible_machines": [
          2
        ],
        "processing_times": {
          "2": {
            "L": 24,
            "M": 31,
            "U": 38,
            "GMIR": 31.0
          }
        }
      },
      {
        "job_id": 2,
        "op_id": 2,
        "eligible_machines": [
          1
        ],
        "processing_times": {
          "1": {
            "L": 33,
            "M": 42,
            "U": 51,
            "GMIR": 42.0
          }
        }
      },
      {
        "job_id": 2,
        "op_id": 3,
        "eligible_machines": [
          3
        ],
        "processing_times": {
          "3": {
            "L": 31,
            "M": 39,
            "U": 47,
            "GMIR": 39.0
          }
        }
      },
      {
        "job_id": 2,
        "op_id": 4,
        "eligible_machines": [
          4
        ],
        "processing_times": {
          "4": {
            "L": 78,
            "M": 98,
            "U": 118,
            "GMIR": 98.0
          }
        }
      }
    ],
    [
      {
        "job_id": 3,
        "op_id": 0,
        "eligible_machines": [
          4
        ],
        "processing_times": {
          "4": {
            "L": 61,
            "M": 77,
            "U": 93,
            "GMIR": 77.0
          }
        }
      },
      {
        "job_id": 3,
        "op_id": 1,
        "eligible_machines": [
          3
        ],
        "processing_times": {
          "3": {
            "L": 61,
            "M": 77,
            "U": 93,
            "GMIR": 77.0
          }
        }
      },
      {
        "job_id": 3,
        "op_id": 2,
        "eligible_machines": [
          0
        ],
        "processing_times": {
          "0": {
            "L": 44,
            "M": 55,
            "U": 66,
            "GMIR": 55.0
          }
        }
      },
      {
        "job_id": 3,
        "op_id": 3,
        "eligible_machines": [
          2
        ],
        "processing_times": {
          "2": {
            "L": 52,
            "M": 66,
            "U": 80,
            "GMIR": 66.0
          }
        }
      },
      {
        "job_id": 3,
        "op_id": 4,
        "eligible_machines": [
          1
        ],
        "processing_times": {
          "1": {
            "L": 63,
            "M": 79,
            "U": 95,
            "GMIR": 79.0
          }
        }
      }
    ],
    [
      {
        "job_id": 4,
        "op_id": 0,
        "eligible_machines": [
          0
        ],
        "processing_times": {
          "0": {
            "L": 66,
            "M": 83,
            "U": 100,
            "GMIR": 83.0
          }
        }
      },
      {
        "job_id": 4,
        "op_id": 1,
        "eligible_machines": [
          3
        ],
        "processing_times": {
          "3": {
            "L": 27,
            "M": 34,
            "U": 41,
            "GMIR": 34.0
          }
        }
      },
      {
        "job_id": 4,
        "op_id": 2,
        "eligible_machines": [
          1
        ],
        "processing_times": {
          "1": {
            "L": 15,
            "M": 19,
            "U": 23,
            "GMIR": 19.0
          }
        }
      },
      {
        "job_id": 4,
        "op_id": 3,
        "eligible_machines": [
          4
        ],
        "processing_times": {
          "4": {
            "L": 29,
            "M": 37,
            "U": 45,
            "GMIR": 37.0
          }
        }
      },
      {
        "job_id": 4,
        "op_id": 4,
        "eligible_machines": [
          2
        ],
        "processing_times": {
          "2": {
            "L": 51,
            "M": 64,
            "U": 77,
            "GMIR": 64.0
          }
        }
      }
    ],
    [
      {
        "job_id": 5,
        "op_id": 0,
        "eligible_machines": [
          2
        ],
        "processing_times": {
          "2": {
            "L": 34,
            "M": 43,
            "U": 52,
            "GMIR": 43.0
          }
        }
      },
      {
        "job_id": 5,
        "op_id": 1,
        "eligible_machines": [
          1
        ],
        "processing_times": {
          "1": {
            "L": 43,
            "M": 54,
            "U": 65,
            "GMIR": 54.0
          }
        }
      },
      {
        "job_id": 5,
        "op_id": 2,
        "eligible_machines": [
          0
        ],
        "processing_times": {
          "0": {
            "L": 73,
            "M": 92,
            "U": 111,
            "GMIR": 92.0
          }
        }
      },
      {
        "job_id": 5,
        "op_id": 3,
        "eligible_machines": [
          4
        ],
        "processing_times": {
          "4": {
            "L": 63,
            "M": 79,
            "U": 95,
            "GMIR": 79.0
          }
        }
      },
      {
        "job_id": 5,
        "op_id": 4,
        "eligible_machines": [
          3
        ],
        "processing_times": {
          "3": {
            "L": 49,
            "M": 62,
            "U": 75,
            "GMIR": 62.0
          }
        }
      }
    ],
    [
      {
        "job_id": 6,
        "op_id": 0,
        "eligible_machines": [
          4
        ],
        "processing_times": {
          "4": {
            "L": 61,
            "M": 77,
            "U": 93,
            "GMIR": 77.0
          }
        }
      },
      {
        "job_id": 6,
        "op_id": 1,
        "eligible_machines": [
          0
        ],
        "processing_times": {
          "0": {
            "L": 74,
            "M": 93,
            "U": 112,
            "GMIR": 93.0
          }
        }
      },
      {
        "job_id": 6,
        "op_id": 2,
        "eligible_machines": [
          2
        ],
        "processing_times": {
          "2": {
            "L": 69,
            "M": 87,
            "U": 105,
            "GMIR": 87.0
          }
        }
      },
      {
        "job_id": 6,
        "op_id": 3,
        "eligible_machines": [
          1
        ],
        "processing_times": {
          "1": {
            "L": 69,
            "M": 87,
            "U": 105,
            "GMIR": 87.0
          }
        }
      },
      {
        "job_id": 6,
        "op_id": 4,
        "eligible_machines": [
          3
        ],
        "processing_times": {
          "3": {
            "L": 55,
            "M": 69,
            "U": 83,
            "GMIR": 69.0
          }
        }
      }
    ],
    [
      {
        "job_id": 7,
        "op_id": 0,
        "eligible_machines": [
          0
        ],
        "processing_times": {
          "0": {
            "L": 48,
            "M": 60,
            "U": 72,
            "GMIR": 60.0
          }
        }
      },
      {
        "job_id": 7,
        "op_id": 1,
        "eligible_machines": [
          3
        ],
        "processing_times": {
          "3": {
            "L": 19,
            "M": 24,
            "U": 29,
            "GMIR": 24.0
          }
        }
      },
      {
        "job_id": 7,
        "op_id": 2,
        "eligible_machines": [
          2
        ],
        "processing_times": {
          "2": {
            "L": 30,
            "M": 38,
            "U": 46,
            "GMIR": 38.0
          }
        }
      },
      {
        "job_id": 7,
        "op_id": 3,
        "eligible_machines": [
          4
        ],
        "processing_times": {
          "4": {
            "L": 66,
            "M": 83,
            "U": 100,
            "GMIR": 83.0
          }
        }
      },
      {
        "job_id": 7,
        "op_id": 4,
        "eligible_machines": [
          1
        ],
        "processing_times": {
          "1": {
            "L": 32,
            "M": 41,
            "U": 50,
            "GMIR": 41.0
          }
        }
      }
    ],
    [
      {
        "job_id": 8,
        "op_id": 0,
        "eligible_machines": [
          4
        ],
        "processing_times": {
          "4": {
            "L": 20,
            "M": 25,
            "U": 30,
            "GMIR": 25.0
          }
        }
      },
      {
        "job_id": 8,
        "op_id": 1,
        "eligible_machines": [
          3
        ],
        "processing_times": {
          "3": {
            "L": 13,
            "M": 17,
            "U": 21,
            "GMIR": 17.0
          }
        }
      },
      {
        "job_id": 8,
        "op_id": 2,
        "eligible_machines": [
          2
        ],
        "processing_times": {
          "2": {
            "L": 78,
            "M": 98,
            "U": 118,
            "GMIR": 98.0
          }
        }
      },
      {
        "job_id": 8,
        "op_id": 3,
        "eligible_machines": [
          1
        ],
        "processing_times": {
          "1": {
            "L": 39,
            "M": 49,
            "U": 59,
            "GMIR": 49.0
          }
        }
      },
      {
        "job_id": 8,
        "op_id": 4,
        "eligible_machines": [
          0
        ],
        "processing_times": {
          "0": {
            "L": 35,
            "M": 44,
            "U": 53,
            "GMIR": 44.0
          }
        }
      }
    ],
    [
      {
        "job_id": 9,
        "op_id": 0,
        "eligible_machines": [
          0
        ],
        "processing_times": {
          "0": {
            "L": 76,
            "M": 96,
            "U": 116,
            "GMIR": 96.0
          }
        }
      },
      {
        "job_id": 9,
        "op_id": 1,
        "eligible_machines": [
          1
        ],
        "processing_times": {
          "1": {
            "L": 60,
            "M": 75,
            "U": 90,
            "GMIR": 75.0
          }
        }
      },
      {
        "job_id": 9,
        "op_id": 2,
        "eligible_machines": [
          4
        ],
        "processing_times": {
          "4": {
            "L": 61,
            "M": 77,
            "U": 93,
            "GMIR": 77.0
          }
        }
      },
      {
        "job_id": 9,
        "op_id": 3,
        "eligible_machines": [
          2
        ],
        "processing_times": {
          "2": {
            "L": 34,
            "M": 43,
            "U": 52,
            "GMIR": 43.0
          }
        }
      },
      {
        "job_id": 9,
        "op_id": 4,
        "eligible_machines": [
          3
        ],
        "processing_times": {
          "3": {
            "L": 63,
            "M": 79,
            "U": 95,
            "GMIR": 79.0
          }
        }
      }
    ],
    [
      {
        "job_id": 10,
        "op_id": 0,
        "eligible_machines": [
          3
        ],
        "processing_times": {
          "3": {
            "L": 76,
            "M": 95,
            "U": 114,
            "GMIR": 95.0
          }
        }
      },
      {
        "job_id": 10,
        "op_id": 1,
        "eligible_machines": [
          1
        ],
        "processing_times": {
          "1": {
            "L": 79,
            "M": 99,
            "U": 119,
            "GMIR": 99.0
          }
        }
      },
      {
        "job_id": 10,
        "op_id": 2,
        "eligible_machines": [
          0
        ],
        "processing_times": {
          "0": {
            "L": 41,
            "M": 52,
            "U": 63,
            "GMIR": 52.0
          }
        }
      },
      {
        "job_id": 10,
        "op_id": 3,
        "eligible_machines": [
          4
        ],
        "processing_times": {
          "4": {
            "L": 53,
            "M": 67,
            "U": 81,
            "GMIR": 67.0
          }
        }
      },
      {
        "job_id": 10,
        "op_id": 4,
        "eligible_machines": [
          2
        ],
        "processing_times": {
          "2": {
            "L": 22,
            "M": 28,
            "U": 34,
            "GMIR": 28.0
          }
        }
      }
    ],
    [
      {
        "job_id": 11,
        "op_id": 0,
        "eligible_machines": [
          0
        ],
        "processing_times": {
          "0": {
            "L": 41,
            "M": 52,
            "U": 63,
            "GMIR": 52.0
          }
        }
      },
      {
        "job_id": 11,
        "op_id": 1,
        "eligible_machines": [
          4
        ],
        "processing_times": {
          "4": {
            "L": 20,
            "M": 25,
            "U": 30,
            "GMIR": 25.0
          }
        }
      },
      {
        "job_id": 11,
        "op_id": 2,
        "eligible_machines": [
          1
        ],
        "processing_times": {
          "1": {
            "L": 9,
            "M": 12,
            "U": 15,
            "GMIR": 12.0
          }
        }
      },
      {
        "job_id": 11,
        "op_id": 3,
        "eligible_machines": [
          2
        ],
        "processing_times": {
          "2": {
            "L": 28,
            "M": 35,
            "U": 42,
            "GMIR": 35.0
          }
        }
      },
      {
        "job_id": 11,
        "op_id": 4,
        "eligible_machines": [
          3
        ],
        "processing_times": {
          "3": {
            "L": 75,
            "M": 94,
            "U": 113,
            "GMIR": 94.0
          }
        }
      }
    ],
    [
      {
        "job_id": 12,
        "op_id": 0,
        "eligible_machines": [
          0
        ],
        "processing_times": {
          "0": {
            "L": 16,
            "M": 21,
            "U": 26,
            "GMIR": 21.0
          }
        }
      },
      {
        "job_id": 12,
        "op_id": 1,
        "eligible_machines": [
          2
        ],
        "processing_times": {
          "2": {
            "L": 12,
            "M": 15,
            "U": 18,
            "GMIR": 15.0
          }
        }
      },
      {
        "job_id": 12,
        "op_id": 2,
        "eligible_machines": [
          1
        ],
        "processing_times": {
          "1": {
            "L": 40,
            "M": 50,
            "U": 60,
            "GMIR": 50.0
          }
        }
      },
      {
        "job_id": 12,
        "op_id": 3,
        "eligible_machines": [
          4
        ],
        "processing_times": {
          "4": {
            "L": 12,
            "M": 16,
            "U": 20,
            "GMIR": 16.0
          }
        }
      },
      {
        "job_id": 12,
        "op_id": 4,
        "eligible_machines": [
          3
        ],
        "processing_times": {
          "3": {
            "L": 47,
            "M": 59,
            "U": 71,
            "GMIR": 59.0
          }
        }
      }
    ],
    [
      {
        "job_id": 13,
        "op_id": 0,
        "eligible_machines": [
          0
        ],
        "processing_times": {
          "0": {
            "L": 54,
            "M": 68,
            "U": 82,
            "GMIR": 68.0
          }
        }
      },
      {
        "job_id": 13,
        "op_id": 1,
        "eligible_machines": [
          2
        ],
        "processing_times": {
          "2": {
            "L": 12,
            "M": 16,
            "U": 20,
            "GMIR": 16.0
          }
        }
      },
      {
        "job_id": 13,
        "op_id": 2,
        "eligible_machines": [
          3
        ],
        "processing_times": {
          "3": {
            "L": 69,
            "M": 87,
            "U": 105,
            "GMIR": 87.0
          }
        }
      },
      {
        "job_id": 13,
        "op_id": 3,
        "eligible_machines": [
          1
        ],
        "processing_times": {
          "1": {
            "L": 68,
            "M": 86,
            "U": 104,
            "GMIR": 86.0
          }
        }
      },
      {
        "job_id": 13,
        "op_id": 4,
        "eligible_machines": [
          4
        ],
        "processing_times": {
          "4": {
            "L": 25,
            "M": 32,
            "U": 39,
            "GMIR": 32.0
          }
        }
      }
    ],
    [
      {
        "job_id": 14,
        "op_id": 0,
        "eligible_machines": [
          3
        ],
        "processing_times": {
          "3": {
            "L": 76,
            "M": 95,
            "U": 114,
            "GMIR": 95.0
          }
        }
      },
      {
        "job_id": 14,
        "op_id": 1,
        "eligible_machines": [
          0
        ],
        "processing_times": {
          "0": {
            "L": 37,
            "M": 47,
            "U": 57,
            "GMIR": 47.0
          }
        }
      },
      {
        "job_id": 14,
        "op_id": 2,
        "eligible_machines": [
          1
        ],
        "processing_times": {
          "1": {
            "L": 28,
            "M": 36,
            "U": 44,
            "GMIR": 36.0
          }
        }
      },
      {
        "job_id": 14,
        "op_id": 3,
        "eligible_machines": [
          4
        ],
        "processing_times": {
          "4": {
            "L": 36,
            "M": 46,
            "U": 56,
            "GMIR": 46.0
          }
        }
      },
      {
        "job_id": 14,
        "op_id": 4,
        "eligible_machines": [
          2
        ],
        "processing_times": {
          "2": {
            "L": 9,
            "M": 12,
            "U": 15,
            "GMIR": 12.0
          }
        }
      }
    ]
  ],
  "machines": [
    {
      "id": 0,
      "P_proc_kW": 14.58,
      "P_idle_kW": 2.19,
      "pm_duration": 22.2,
      "pm_window": [
        185.2,
        740.8
      ]
    },
    {
      "id": 1,
      "P_proc_kW": 16.54,
      "P_idle_kW": 2.48,
      "pm_duration": 26.9,
      "pm_window": [
        185.2,
        740.8
      ]
    },
    {
      "id": 2,
      "P_proc_kW": 19.26,
      "P_idle_kW": 2.89,
      "pm_duration": 23.9,
      "pm_window": [
        185.2,
        740.8
      ]
    },
    {
      "id": 3,
      "P_proc_kW": 17.14,
      "P_idle_kW": 2.57,
      "pm_duration": 23.1,
      "pm_window": [
        185.2,
        740.8
      ]
    },
    {
      "id": 4,
      "P_proc_kW": 19.59,
      "P_idle_kW": 2.94,
      "pm_duration": 42.8,
      "pm_window": [
        185.2,
        740.8
      ]
    }
  ]
}