{
  "metadata": {
    "name": "GF-LA04",
    "source_benchmark": "LA04",
    "source_type": "JSP",
    "source_reference": "Lawrence (1984)",
    "num_jobs": 10,
    "num_machines": 5,
    "total_operations": 50,
    "fuzziness_delta": 0.2,
    "bks_makespan": 590,
    "avg_flexibility": 1.0
  },
  "parameters": {
    "cost": {
      "c_time": 100.0,
      "c_energy": 0.08,
      "c_startup": 200.0,
      "c_changeover_min": 50.0,
      "c_changeover_max": 500.0,
      "c_pm_direct": 400.0,
      "c_pm_delay": 20.0
    }
  },
  "validation": {
    "is_valid": true,
    "total_tfns": 50,
    "valid_tfns": 50
  },
  "jobs": [
    [
      {
        "job_id": 0,
        "op_id": 0,
        "eligible_machines": [
          0
        ],
        "processing_times": {
          "0": {
            "L": 9,
            "M": 12,
            "U": 15,
            "GMIR": 12.0
          }
        }
      },
      {
        "job_id": 0,
        "op_id": 1,
        "eligible_machines": [
          2
        ],
        "processing_times": {
          "2": {
            "L": 75,
            "M": 94,
            "U": 113,
            "GMIR": 94.0
          }
        }
      },
      {
        "job_id": 0,
        "op_id": 2,
        "eligible_machines": [
          3
        ],
        "processing_times": {
          "3": {
            "L": 73,
            "M": 92,
            "U": 111,
            "GMIR": 92.0
          }
        }
      },
      {
        "job_id": 0,
        "op_id": 3,
        "eligible_machines": [
          4
        ],
        "processing_times": {
          "4": {
            "L": 72,
            "M": 91,
            "U": 110,
            "GMIR": 91.0
          }
        }
      },
      {
        "job_id": 0,
        "op_id": 4,
        "eligible_machines": [
          1
        ],
        "processing_times": {
          "1": {
            "L": 5,
            "M": 7,
            "U": 9,
            "GMIR": 7.0
          }
        }
      }
    ],
    [
      {
        "job_id": 1,
        "op_id": 0,
        "eligible_machines": [
          1
        ],
        "processing_times": {
          "1": {
            "L": 15,
            "M": 19,
            "U": 23,
            "GMIR": 19.0
          }
        }
      },
      {
        "job_id": 1,
        "op_id": 1,
        "eligible_machines": [
          3
        ],
        "processing_times": {
          "3": {
            "L": 8,
            "M": 11,
            "U": 14,
            "GMIR": 11.0
          }
        }
      },
      {
        "job_id": 1,
        "op_id": 2,
        "eligible_machines": [
          4
        ],
        "processing_times": {
          "4": {
            "L": 52,
            "M": 66,
            "U": 80,
            "GMIR": 66.0
          }
        }
      },
      {
        "job_id": 1,
        "op_id": 3,
        "eligible_machines": [
          2
        ],
        "processing_times": {
          "2": {
            "L": 16,
            "M": 21,
            "U": 26,
            "GMIR": 21.0
          }
        }
      },
      {
        "job_id": 1,
        "op_id": 4,
        "eligible_machines": [
          0
        ],
        "processing_times": {
          "0": {
            "L": 69,
            "M": 87,
            "U": 105,
            "GMIR": 87.0
          }
        }
      }
    ],
    [
      {
        "job_id": 2,
        "op_id": 0,
        "eligible_machines": [
          1
        ],
        "processing_times": {
          "1": {
            "L": 11,
            "M": 14,
            "U": 17,
            "GMIR": 14.0
          }
        }
      },
      {
        "job_id": 2,
        "op_id": 1,
        "eligible_machines": [
          0
        ],
        "processing_times": {
          "0": {
            "L": 60,
            "M": 75,
            "U": 90,
            "GMIR": 75.0
          }
        }
      },
      {
        "job_id": 2,
        "op_id": 2,
        "eligible_machines": [
          3
        ],
        "processing_times": {
          "3": {
            "L": 10,
            "M": 13,
            "U": 16,
            "GMIR": 13.0
          }
        }
      },
      {
        "job_id": 2,
        "op_id": 3,
        "eligible_machines": [
          4
        ],
        "processing_times": {
          "4": {
            "L": 12,
            "M": 16,
            "U": 20,
            "GMIR": 16.0
          }
        }
      },
      {
        "job_id": 2,
        "op_id": 4,
        "eligible_machines": [
          2
        ],
        "processing_times": {
          "2": {
            "L": 16,
            "M": 20,
            "U": 24,
            "GMIR": 20.0
          }
        }
      }
    ],
    [
      {
        "job_id": 3,
        "op_id": 0,
        "eligible_machines": [
          2
        ],
        "processing_times": {
          "2": {
            "L": 76,
            "M": 95,
            "U": 114,
            "GMIR": 95.0
          }
        }
      },
      {
        "job_id": 3,
        "op_id": 1,
        "eligible_machines": [
          4
        ],
        "processing_times": {
          "4": {
            "L": 52,
            "M": 66,
            "U": 80,
            "GMIR": 66.0
          }
        }
      },
      {
        "job_id": 3,
        "op_id": 2,
        "eligible_machines": [
          0
        ],
        "processing_times": {
          "0": {
            "L": 5,
            "M": 7,
            "U": 9,
            "GMIR": 7.0
          }
        }
      },
      {
        "job_id": 3,
        "op_id": 3,
        "eligible_machines": [
          3
        ],
        "processing_times": {
          "3": {
            "L": 5,
            "M": 7,
            "U": 9,
            "GMIR": 7.0
          }
        }
      },
      {
        "job_id": 3,
        "op_id": 4,
        "eligible_machines": [
          1
        ],
        "processing_times": {
          "1": {
            "L": 61,
            "M": 77,
            "U": 93,
            "GMIR": 77.0
          }
        }
      }
    ],
    [
      {
        "job_id": 4,
        "op_id": 0,
        "eligible_machines": [
          1
        ],
        "processing_times": {
          "1": {
            "L": 36,
            "M": 45,
            "U": 54,
            "GMIR": 45.0
          }
        }
      },
      {
        "job_id": 4,
        "op_id": 1,
        "eligible_machines": [
          3
        ],
        "processing_times": {
          "3": {
            "L": 4,
            "M": 6,
            "U": 8,
            "GMIR": 6.0
          }
        }
      },
      {
        "job_id": 4,
        "op_id": 2,
        "eligible_machines": [
          4
        ],
        "processing_times": {
          "4": {
            "L": 71,
            "M": 89,
            "U": 107,
            "GMIR": 89.0
          }
        }
      },
      {
        "job_id": 4,
        "op_id": 3,
        "eligible_machines": [
          0
        ],
        "processing_times": {
          "0": {
            "L": 12,
            "M": 15,
            "U": 18,
            "GMIR": 15.0
          }
        }
      },
      {
        "job_id": 4,
        "op_id": 4,
        "eligible_machines": [
          2
        ],
        "processing_times": {
          "2": {
            "L": 27,
            "M": 34,
            "U": 41,
            "GMIR": 34.0
          }
        }
      }
    ],
    [
      {
        "job_id": 5,
        "op_id": 0,
        "eligible_machines": [
          3
        ],
        "processing_times": {
          "3": {
            "L": 61,
            "M": 77,
            "U": 93,
            "GMIR": 77.0
          }
        }
      },
      {
        "job_id": 5,
        "op_id": 1,
        "eligible_machines": [
          2
        ],
        "processing_times": {
          "2": {
            "L": 16,
            "M": 20,
            "U": 24,
            "GMIR": 20.0
          }
        }
      },
      {
        "job_id": 5,
        "op_id": 2,
        "eligible_machines": [
          0
        ],
        "processing_times": {
          "0": {
            "L": 60,
            "M": 76,
            "U": 92,
            "GMIR": 76.0
          }
        }
      },
      {
        "job_id": 5,
        "op_id": 3,
        "eligible_machines": [
          4
        ],
        "processing_times": {
          "4": {
            "L": 70,
            "M": 88,
            "U": 106,
            "GMIR": 88.0
          }
        }
      },
      {
        "job_id": 5,
        "op_id": 4,
        "eligible_machines": [
          1
        ],
        "processing_times": {
          "1": {
            "L": 42,
            "M": 53,
            "U": 64,
            "GMIR": 53.0
          }
        }
      }
    ],
    [
      {
        "job_id": 6,
        "op_id": 0,
        "eligible_machines": [
          2
        ],
        "processing_times": {
          "2": {
            "L": 59,
            "M": 74,
            "U": 89,
            "GMIR": 74.0
          }
        }
      },
      {
        "job_id": 6,
        "op_id": 1,
        "eligible_machines": [
          1
        ],
        "processing_times": {
          "1": {
            "L": 70,
            "M": 88,
            "U": 106,
            "GMIR": 88.0
          }
        }
      },
      {
        "job_id": 6,
        "op_id": 2,
        "eligible_machines": [
          0
        ],
        "processing_times": {
          "0": {
            "L": 41,
            "M": 52,
            "U": 63,
            "GMIR": 52.0
          }
        }
      },
      {
        "job_id": 6,
        "op_id": 3,
        "eligible_machines": [
          3
        ],
        "processing_times": {
          "3": {
            "L": 21,
            "M": 27,
            "U": 33,
            "GMIR": 27.0
          }
        }
      },
      {
        "job_id": 6,
        "op_id": 4,
        "eligible_machines": [
          4
        ],
        "processing_times": {
          "4": {
            "L": 7,
            "M": 9,
            "U": 11,
            "GMIR": 9.0
          }
        }
      }
    ],
    [
      {
        "job_id": 7,
        "op_id": 0,
        "eligible_machines": [
          1
        ],
        "processing_times": {
          "1": {
            "L": 70,
            "M": 88,
            "U": 106,
            "GMIR": 88.0
          }
        }
      },
      {
        "job_id": 7,
        "op_id": 1,
        "eligible_machines": [
          3
        ],
        "processing_times": {
          "3": {
            "L": 55,
            "M": 69,
            "U": 83,
            "GMIR": 69.0
          }
        }
      },
      {
        "job_id": 7,
        "op_id": 2,
        "eligible_machines": [
          0
        ],
        "processing_times": {
          "0": {
            "L": 49,
            "M": 62,
            "U": 75,
            "GMIR": 62.0
          }
        }
      },
      {
        "job_id": 7,
        "op_id": 3,
        "eligible_machines": [
          4
        ],
        "processing_times": {
          "4": {
            "L": 78,
            "M": 98,
            "U": 118,
            "GMIR": 98.0
          }
        }
      },
      {
        "job_id": 7,
        "op_id": 4,
        "eligible_machines": [
          2
        ],
        "processing_times": {
          "2": {
            "L": 41,
            "M": 52,
            "U": 63,
            "GMIR": 52.0
          }
        }
      }
    ],
    [
      {
        "job_id": 8,
        "op_id": 0,
        "eligible_machines": [
          2
        ],
        "processing_times": {
          "2": {
            "L": 48,
            "M": 61,
            "U": 74,
            "GMIR": 61.0
          }
        }
      },
      {
        "job_id": 8,
        "op_id": 1,
        "eligible_machines": [
          4
        ],
        "processing_times": {
          "4": {
            "L": 7,
            "M": 9,
            "U": 11,
            "GMIR": 9.0
          }
        }
      },
      {
        "job_id": 8,
        "op_id": 2,
        "eligible_machines": [
          0
        ],
        "processing_times": {
          "0": {
            "L": 49,
            "M": 62,
            "U": 75,
            "GMIR": 62.0
          }
        }
      },
      {
        "job_id": 8,
        "op_id": 3,
        "eligible_machines": [
          1
        ],
        "processing_times": {
          "1": {
            "L": 41,
            "M": 52,
            "U": 63,
            "GMIR": 52.0
          }
        }
      },
      {
        "job_id": 8,
        "op_id": 4,
        "eligible_machines": [
          3
        ],
        "processing_times": {
          "3": {
            "L": 72,
            "M": 90,
            "U": 108,
            "GMIR": 90.0
          }
        }
      }
    ],
    [
      {
        "job_id": 9,
        "op_id": 0,
        "eligible_machines": [
          2
        ],
        "processing_times": {
          "2": {
            "L": 43,
            "M": 54,
            "U": 65,
            "GMIR": 54.0
          }
        }
      },
      {
        "job_id": 9,
        "op_id": 1,
        "eligible_machines": [
          4
        ],
        "processing_times": {
          "4": {
            "L": 4,
            "M": 5,
            "U": 6,
            "GMIR": 5.0
          }
        }
      },
      {
        "job_id": 9,
        "op_id": 2,
        "eligible_machines": [
          3
        ],
        "processing_times": {
          "3": {
            "L": 47,
            "M": 59,
            "U": 71,
            "GMIR": 59.0
          }
        }
      },
      {
        "job_id": 9,
        "op_id": 3,
        "eligible_machines": [
          1
        ],
        "processing_times": {
          "1": {
            "L": 12,
            "M": 15,
            "U": 18,
            "GMIR": 15.0
          }
        }
      },
      {
        "job_id": 9,
        "op_id": 4,
        "eligible_machines": [
          0
        ],
        "processing_times": {
          "0": {
            "L": 70,
            "M": 88,
            "U": 106,
            "GMIR": 88.0
          }
        }
      }
    ]
  ],
  "machines": [
    {
      "id": 0,
      "P_proc_kW": 12.22,
      "P_idle_kW": 1.83,
      "pm_duration": 19.4,
      "pm_window": [
        118.0,
        472.0
      ]
    },
    {
      "id": 1,
      "P_proc_kW": 13.44,
      "P_idle_kW": 2.02,
      "pm_duration": 17.9,
      "pm_window": [
        118.0,
        472.0
      ]
    },
    {
      "id": 2,
      "P_proc_kW": 14.15,
      "P_idle_kW": 2.12,
      "pm_duration": 18.7,
      "pm_window": [
        118.0,
        472.0
      ]
    },
    {
      "id": 3,
      "P_proc_kW": 8.49,
      "P_idle_kW": 1.27,
      "pm_duration": 19.2,
      "pm_window": [
        118.0,
        472.0
      ]
    },
    {
      "id": 4,
      "P_proc_kW": 8.28,
      "P_idle_kW": 1.24,
      "pm_duration": 13.6,
      "pm_window": [
        118.0,
        472.0
      ]
    }
  ]
}