{
  "metadata": {
    "name": "GF-LA03",
    "source_benchmark": "LA03",
    "source_type": "JSP",
    "source_reference": "Lawrence (1984)",
    "num_jobs": 10,
    "num_machines": 5,
    "total_operations": 50,
    "fuzziness_delta": 0.2,
    "bks_makespan": 597,
    "avg_flexibility": 1.0
  },
  "parameters": {
    "cost": {
      "c_time": 100.0,
      "c_energy": 0.08,
      "c_startup": 200.0,
      "c_changeover_min": 50.0,
      "c_changeover_max": 500.0,
      "c_pm_direct": 400.0,
      "c_pm_delay": 20.0
    }
  },
  "validation": {
    "is_valid": true,
    "total_tfns": 50,
    "valid_tfns": 50
  },
  "jobs": [
    [
      {
        "job_id": 0,
        "op_id": 0,
        "eligible_machines": [
          1
        ],
        "processing_times": {
          "1": {
            "L": 18,
            "M": 23,
            "U": 28,
            "GMIR": 23.0
          }
        }
      },
      {
        "job_id": 0,
        "op_id": 1,
        "eligible_machines": [
          2
        ],
        "processing_times": {
          "2": {
            "L": 36,
            "M": 45,
            "U": 54,
            "GMIR": 45.0
          }
        }
      },
      {
        "job_id": 0,
        "op_id": 2,
        "eligible_machines": [
          0
        ],
        "processing_times": {
          "0": {
            "L": 65,
            "M": 82,
            "U": 99,
            "GMIR": 82.0
          }
        }
      },
      {
        "job_id": 0,
        "op_id": 3,
        "eligible_machines": [
          4
        ],
        "processing_times": {
          "4": {
            "L": 67,
            "M": 84,
            "U": 101,
            "GMIR": 84.0
          }
        }
      },
      {
        "job_id": 0,
        "op_id": 4,
        "eligible_machines": [
          3
        ],
        "processing_times": {
          "3": {
            "L": 30,
            "M": 38,
            "U": 46,
            "GMIR": 38.0
          }
        }
      }
    ],
    [
      {
        "job_id": 1,
        "op_id": 0,
        "eligible_machines": [
          2
        ],
        "processing_times": {
          "2": {
            "L": 16,
            "M": 21,
            "U": 26,
            "GMIR": 21.0
          }
        }
      },
      {
        "job_id": 1,
        "op_id": 1,
        "eligible_machines": [
          0
        ],
        "processing_times": {
          "0": {
            "L": 23,
            "M": 29,
            "U": 35,
            "GMIR": 29.0
          }
        }
      },
      {
        "job_id": 1,
        "op_id": 2,
        "eligible_machines": [
          4
        ],
        "processing_times": {
          "4": {
            "L": 14,
            "M": 18,
            "U": 22,
            "GMIR": 18.0
          }
        }
      },
      {
        "job_id": 1,
        "op_id": 3,
        "eligible_machines": [
          3
        ],
        "processing_times": {
          "3": {
            "L": 32,
            "M": 41,
            "U": 50,
            "GMIR": 41.0
          }
        }
      },
      {
        "job_id": 1,
        "op_id": 4,
        "eligible_machines": [
          1
        ],
        "processing_times": {
          "1": {
            "L": 40,
            "M": 50,
            "U": 60,
            "GMIR": 50.0
          }
        }
      }
    ],
    [
      {
        "job_id": 2,
        "op_id": 0,
        "eligible_machines": [
          2
        ],
        "processing_times": {
          "2": {
            "L": 30,
            "M": 38,
            "U": 46,
            "GMIR": 38.0
          }
        }
      },
      {
        "job_id": 2,
        "op_id": 1,
        "eligible_machines": [
          3
        ],
        "processing_times": {
          "3": {
            "L": 43,
            "M": 54,
            "U": 65,
            "GMIR": 54.0
          }
        }
      },
      {
        "job_id": 2,
        "op_id": 2,
        "eligible_machines": [
          4
        ],
        "processing_times": {
          "4": {
            "L": 12,
            "M": 16,
            "U": 20,
            "GMIR": 16.0
          }
        }
      },
      {
        "job_id": 2,
        "op_id": 3,
        "eligible_machines": [
          0
        ],
        "processing_times": {
          "0": {
            "L": 41,
            "M": 52,
            "U": 63,
            "GMIR": 52.0
          }
        }
      },
      {
        "job_id": 2,
        "op_id": 4,
        "eligible_machines": [
          1
        ],
        "processing_times": {
          "1": {
            "L": 41,
            "M": 52,
            "U": 63,
            "GMIR": 52.0
          }
        }
      }
    ],
    [
      {
        "job_id": 3,
        "op_id": 0,
        "eligible_machines": [
          4
        ],
        "processing_times": {
          "4": {
            "L": 29,
            "M": 37,
            "U": 45,
            "GMIR": 37.0
          }
        }
      },
      {
        "job_id": 3,
        "op_id": 1,
        "eligible_machines": [
          0
        ],
        "processing_times": {
          "0": {
            "L": 43,
            "M": 54,
            "U": 65,
            "GMIR": 54.0
          }
        }
      },
      {
        "job_id": 3,
        "op_id": 2,
        "eligible_machines": [
          2
        ],
        "processing_times": {
          "2": {
            "L": 59,
            "M": 74,
            "U": 89,
            "GMIR": 74.0
          }
        }
      },
      {
        "job_id": 3,
        "op_id": 3,
        "eligible_machines": [
          1
        ],
        "processing_times": {
          "1": {
            "L": 49,
            "M": 62,
            "U": 75,
            "GMIR": 62.0
          }
        }
      },
      {
        "job_id": 3,
        "op_id": 4,
        "eligible_machines": [
          3
        ],
        "processing_times": {
          "3": {
            "L": 45,
            "M": 57,
            "U": 69,
            "GMIR": 57.0
          }
        }
      }
    ],
    [
      {
        "job_id": 4,
        "op_id": 0,
        "eligible_machines": [
          4
        ],
        "processing_times": {
          "4": {
            "L": 45,
            "M": 57,
            "U": 69,
            "GMIR": 57.0
          }
        }
      },
      {
        "job_id": 4,
        "op_id": 1,
        "eligible_machines": [
          0
        ],
        "processing_times": {
          "0": {
            "L": 64,
            "M": 81,
            "U": 98,
            "GMIR": 81.0
          }
        }
      },
      {
        "job_id": 4,
        "op_id": 2,
        "eligible_machines": [
          1
        ],
        "processing_times": {
          "1": {
            "L": 48,
            "M": 61,
            "U": 74,
            "GMIR": 61.0
          }
        }
      },
      {
        "job_id": 4,
        "op_id": 3,
        "eligible_machines": [
          3
        ],
        "processing_times": {
          "3": {
            "L": 54,
            "M": 68,
            "U": 82,
            "GMIR": 68.0
          }
        }
      },
      {
        "job_id": 4,
        "op_id": 4,
        "eligible_machines": [
          2
        ],
        "processing_times": {
          "2": {
            "L": 24,
            "M": 30,
            "U": 36,
            "GMIR": 30.0
          }
        }
      }
    ],
    [
      {
        "job_id": 5,
        "op_id": 0,
        "eligible_machines": [
          4
        ],
        "processing_times": {
          "4": {
            "L": 64,
            "M": 81,
            "U": 98,
            "GMIR": 81.0
          }
        }
      },
      {
        "job_id": 5,
        "op_id": 1,
        "eligible_machines": [
          0
        ],
        "processing_times": {
          "0": {
            "L": 63,
            "M": 79,
            "U": 95,
            "GMIR": 79.0
          }
        }
      },
      {
        "job_id": 5,
        "op_id": 2,
        "eligible_machines": [
          1
        ],
        "processing_times": {
          "1": {
            "L": 71,
            "M": 89,
            "U": 107,
            "GMIR": 89.0
          }
        }
      },
      {
        "job_id": 5,
        "op_id": 3,
        "eligible_machines": [
          2
        ],
        "processing_times": {
          "2": {
            "L": 71,
            "M": 89,
            "U": 107,
            "GMIR": 89.0
          }
        }
      },
      {
        "job_id": 5,
        "op_id": 4,
        "eligible_machines": [
          3
        ],
        "processing_times": {
          "3": {
            "L": 8,
            "M": 11,
            "U": 14,
            "GMIR": 11.0
          }
        }
      }
    ],
    [
      {
        "job_id": 6,
        "op_id": 0,
        "eligible_machines": [
          3
        ],
        "processing_times": {
          "3": {
            "L": 26,
            "M": 33,
            "U": 40,
            "GMIR": 33.0
          }
        }
      },
      {
        "job_id": 6,
        "op_id": 1,
        "eligible_machines": [
          2
        ],
        "processing_times": {
          "2": {
            "L": 16,
            "M": 20,
            "U": 24,
            "GMIR": 20.0
          }
        }
      },
      {
        "job_id": 6,
        "op_id": 2,
        "eligible_machines": [
          0
        ],
        "processing_times": {
          "0": {
            "L": 72,
            "M": 91,
            "U": 110,
            "GMIR": 91.0
          }
        }
      },
      {
        "job_id": 6,
        "op_id": 3,
        "eligible_machines": [
          4
        ],
        "processing_times": {
          "4": {
            "L": 16,
            "M": 20,
            "U": 24,
            "GMIR": 20.0
          }
        }
      },
      {
        "job_id": 6,
        "op_id": 4,
        "eligible_machines": [
          1
        ],
        "processing_times": {
          "1": {
            "L": 52,
            "M": 66,
            "U": 80,
            "GMIR": 66.0
          }
        }
      }
    ],
    [
      {
        "job_id": 7,
        "op_id": 0,
        "eligible_machines": [
          4
        ],
        "processing_times": {
          "4": {
            "L": 19,
            "M": 24,
            "U": 29,
            "GMIR": 24.0
          }
        }
      },
      {
        "job_id": 7,
        "op_id": 1,
        "eligible_machines": [
          1
        ],
        "processing_times": {
          "1": {
            "L": 67,
            "M": 84,
            "U": 101,
            "GMIR": 84.0
          }
        }
      },
      {
        "job_id": 7,
        "op_id": 2,
        "eligible_machines": [
          0
        ],
        "processing_times": {
          "0": {
            "L": 25,
            "M": 32,
            "U": 39,
            "GMIR": 32.0
          }
        }
      },
      {
        "job_id": 7,
        "op_id": 3,
        "eligible_machines": [
          3
        ],
        "processing_times": {
          "3": {
            "L": 44,
            "M": 55,
            "U": 66,
            "GMIR": 55.0
          }
        }
      },
      {
        "job_id": 7,
        "op_id": 4,
        "eligible_machines": [
          2
        ],
        "processing_times": {
          "2": {
            "L": 6,
            "M": 8,
            "U": 10,
            "GMIR": 8.0
          }
        }
      }
    ],
    [
      {
        "job_id": 8,
        "op_id": 0,
        "eligible_machines": [
          4
        ],
        "processing_times": {
          "4": {
            "L": 44,
            "M": 56,
            "U": 68,
            "GMIR": 56.0
          }
        }
      },
      {
        "job_id": 8,
        "op_id": 1,
        "eligible_machines": [
          0
        ],
        "processing_times": {
          "0": {
            "L": 5,
            "M": 7,
            "U": 9,
            "GMIR": 7.0
          }
        }
      },
      {
        "job_id": 8,
        "op_id": 2,
        "eligible_machines": [
          3
        ],
        "processing_times": {
          "3": {
            "L": 43,
            "M": 54,
            "U": 65,
            "GMIR": 54.0
          }
        }
      },
      {
        "job_id": 8,
        "op_id": 3,
        "eligible_machines": [
          2
        ],
        "processing_times": {
          "2": {
            "L": 51,
            "M": 64,
            "U": 77,
            "GMIR": 64.0
          }
        }
      },
      {
        "job_id": 8,
        "op_id": 4,
        "eligible_machines": [
          1
        ],
        "processing_times": {
          "1": {
            "L": 31,
            "M": 39,
            "U": 47,
            "GMIR": 39.0
          }
        }
      }
    ],
    [
      {
        "job_id": 9,
        "op_id": 0,
        "eligible_machines": [
          4
        ],
        "processing_times": {
          "4": {
            "L": 32,
            "M": 40,
            "U": 48,
            "GMIR": 40.0
          }
        }
      },
      {
        "job_id": 9,
        "op_id": 1,
        "eligible_machines": [
          1
        ],
        "processing_times": {
          "1": {
            "L": 66,
            "M": 83,
            "U": 100,
            "GMIR": 83.0
          }
        }
      },
      {
        "job_id": 9,
        "op_id": 2,
        "eligible_machines": [
          0
        ],
        "processing_times": {
          "0": {
            "L": 15,
            "M": 19,
            "U": 23,
            "GMIR": 19.0
          }
        }
      },
      {
        "job_id": 9,
        "op_id": 3,
        "eligible_machines": [
          2
        ],
        "processing_times": {
          "2": {
            "L": 6,
            "M": 8,
            "U": 10,
            "GMIR": 8.0
          }
        }
      },
      {
        "job_id": 9,
        "op_id": 4,
        "eligible_machines": [
          3
        ],
        "processing_times": {
          "3": {
            "L": 5,
            "M": 7,
            "U": 9,
            "GMIR": 7.0
          }
        }
      }
    ]
  ],
  "machines": [
    {
      "id": 0,
      "P_proc_kW": 18.66,
      "P_idle_kW": 2.8,
      "pm_duration": 19.1,
      "pm_window": [
        119.4,
        477.6
      ]
    },
    {
      "id": 1,
      "P_proc_kW": 15.06,
      "P_idle_kW": 2.26,
      "pm_duration": 27.3,
      "pm_window": [
        119.4,
        477.6
      ]
    },
    {
      "id": 2,
      "P_proc_kW": 10.74,
      "P_idle_kW": 1.61,
      "pm_duration": 21.2,
      "pm_window": [
        119.4,
        477.6
      ]
    },
    {
      "id": 3,
      "P_proc_kW": 15.0,
      "P_idle_kW": 2.25,
      "pm_duration": 28.9,
      "pm_window": [
        119.4,
        477.6
      ]
    },
    {
      "id": 4,
      "P_proc_kW": 8.39,
      "P_idle_kW": 1.26,
      "pm_duration": 13.2,
      "pm_window": [
        119.4,
        477.6
      ]
    }
  ]
}